{
    "endpoints": {
        "root": "http://localhost:4300/api/v2",
        "login": "/auth/login",
        "logout": "/auth/logout",
        "torrentList": "/sync/maindata",
        "uploadTorrents": "/torrents/add",
        "deleteTorrent": "/torrents/delete",
        "recheckTorrent": "/torrents/recheck",
        "pauseTorrents": "/torrents/pause",
        "playTorrents": "/torrents/resume",
        "forceStart": "/torrents/setForceStart",
        "increasePrio": "/torrents/increasePrio",
        "decreasePrio": "/torrents/decreasePrio",
        "maxPrio": "/torrents/topPrio",
        "minPrio": "/torrents/bottomPrio",
        "moveTorrents": "/torrents/setLocation",
        "torrentContents": "/torrents/files",
        "userPreferences": "/app/preferences",
        "setPreferences": "/app/setPreferences",
        "toggleSpeedLimitsMode": "/transfer/toggleSpeedLimitsMode",
        "setDownloadLimit": "/transfer/setDownloadLimit",
        "setUploadLimit": "/transfer/setUploadLimit",
        "applicationVersion": "/app/version",
        "apiVersion": "/app/webapiVersion"
    },
    "devCookie": "8c212779b4abde7A"
}
